Name,Photo,Contact,Role,Institution,Institution Description,Festival Role,Attendance,Bio,Conversation Tip,Institution Link
Gerfried Stocker,https://www.salzburgerfestspiele.at/wp-content/uploads/2024/05/stocker.jpeg,,"Artistic Director, Ars Electronica; Head of Ars Electronica Center",Ars Electronica,"One of the world’s leading media-art institutions, combining a festival, museum, and research center in Linz, Austria.","Artistic Director, Opening & Futurelab Night",Definitely,"Media artist and communications engineer who has led Ars Electronica since 1995, shaping its festival and research labs.",Share hosq’s vision for art-science labs in Armenia and explore partnership opportunities for residencies and joint programs.,https://ars.electronica.art/
Veronika Liebl,https://starts.eu/wp-content/uploads/Veronika_Liebl-c-Martin_Hieslmair_1000x1000.jpg,,"Executive Director, Ars Electronica",Ars Electronica,"A pioneer in electronic arts, hosting a festival, a center, and labs to explore the nexus of art, technology, and society.",Executive Director & sustainability lead,Definitely,"Leads the festival’s organizational and financial strategy, focusing on sustainability and European partnerships.","Discuss funding models and long-term collaborations between hosq and Ars Electronica, such as co-hosted residencies.",https://ars.electronica.art/
Christopher Lindinger,https://ars.electronica.art/university/files/2023/08/christopher-lindinger.jpg,,"Co-Director, Ars Electronica Futurelab & Professor of Art & Digitality, JKU Linz",Ars Electronica Futurelab / Johannes Kepler University (JKU),"The Futurelab is Ars Electronica’s R&D atelier, creating prototypes that merge art thinking, science research and technology; JKU is a leading Austrian university running art‑science programs.",Futurelab Night & Open Futurelab curator,Definitely,Digital pioneer who co‑founded the Futurelab and now researches digital creativity and innovation; he teaches at JKU.,Explain hosq’s laboratory and residency model; explore collaboration on hybrid labs or shared research projects.,
Vanessa Hannesschläger,https://ars.electronica.art/panic/files/2025/08/bio_53973880584_8de5da3730_k.jpg,https://www.linkedin.com/in/vanessa-hannesschl%C3%A4ger-5a7519245/,"Head of European Collaboration, Ars Electronica",Ars Electronica,"A hub connecting art, technology and society through festivals, exhibitions and labs in Linz.",Organizer of Town Hall Meeting: Theater & Digital Media,Definitely,Digital humanities scholar who develops European digital research infrastructures and advocates for open cultural data.,Introduce hosq as an emerging art‑science hub and ask about EU collaboration frameworks and exchange opportunities.,https://ars.electronica.art/
Tania Singer,https://ars.electronica.art/panic/files/2025/08/bio_tania-singer.jpg,https://taniasinger.de/,"Director of the Social Neuroscience Lab, Max Planck Society",Max Planck Society,Germany’s premier basic research organization; the Social Neuroscience Lab explores empathy and social emotions.,Speaker – Theme Symposium: Panic in a Global Context,Probably,A leading neuroscientist studying compassion and altruism; she developed the “caring economics” model.,Mention hosq’s interest in empathy and community‑building in art; ask how her research can inspire cultural programs.,
Marcello Ienca,https://ars.electronica.art/panic/files/2025/08/bio_marcello-ienca.jpg,https://www.linkedin.com/in/marcello-ienca-794b2575/,"Bioethicist & Researcher, Technical University of Munich & EPFL",ETH Zürich / TUM,Leading technical universities; research in bioethics and neurotechnology.,Speaker – Theme Symposium,Probably,Specializes in digital ethics and neuro‑privacy; advises governments on responsible AI and brain data.,Discuss ethical frameworks for AI‑driven art and potential lectures or panels at hosq.,
Sarah Ciston,https://ars.electronica.art/aeblog/files/2025/05/sarahciston-edited-500x500.jpg,https://ars.electronica.art/aeblog/en/2025/06/04/ai-war-cloud-database/,Artist & Researcher,Independent / S+T+ARTS Prize,"Her project “AI War Cloud Database” won the STARTS Prize; she works at the intersection of AI, language and activism.",STARTS Prize Winner & speaker,Definitely,Creates participatory works that demystify AI and highlight social biases; explores machine learning as a storytelling medium.,Connect over community‑driven AI art; invite her to share her practice with Armenian artists via workshops.,
Carly Whitefield,https://ars.electronica.art/aeblog/files/2025/06/carly-1-401x500.jpg,https://ars.electronica.art/aeblog/en/2025/06/04/art-in-the-quantum-age/,"Senior Curator, LAS Art Foundation",LAS Art Foundation,"Berlin‑based foundation exploring art, science and technology; produces immersive projects like “Sensing Quantum”https://ars.electronica.art/aeblog/en/2025/06/04/art-in-the-quantum-age/#:~:text=The%20LAS%20Art%20Foundation%E2%80%99s%20Sensing,immersive%20experiences%20and%20interdisciplinary%20collaboration.",Representative – STARTS Prize & Archipelago,Definitely,"Curator of Sensing Quantum, which bridges quantum technology and art through immersive installations; fosters interdisciplinary collaborations.",Discuss hosq’s potential role in exhibiting quantum‑inspired art; explore co‑commissioning or curatorial exchange.,https://las-art.foundation/
Afroditi Panagiotakou,https://admin.onassis.org/images/O-eU-bNzJAShFnrcPEr9W4Z4w9U=/1012/width-1280/Afroditi_Panagiotakou.jpg,,"Artistic & Managing Director, Onassis Stegi",Onassis Stegi,"Athens‑based cultural space hosting theatre, dance, music, film and digital arts; supports Greek artists and international collaborationshttps://emare.eu/members-partners/onassis-stegi#:~:text=The%20place%20where%20contemporary%20culture,culture%2C%20and%20several%20educational%20activities.",Archipelago / STARTS contributor,Possibly,Oversees Onassis cultural programs bridging art and society; advocates for artistic experimentation and civic engagement.,Propose joint residencies or touring performances between Athens and Armenia; highlight hosq’s educational mission.,https://www.onassis.org/onassis-stegi
Marleen Stikker,https://empodera.org/assets/marleen-stikker-kUk5mMQl.jpg,,"Co‑founder & Director, Waag Futurelab",Waag Futurelab (Netherlands),Future Lab for technology & society advocating critical reflection on technology and co‑design for social changehttps://emare.eu/members-partners/waag#:~:text=Waag%20is%20a%20Future%20Lab,for%20technology%20and%20society.,Partner institution (various sessions),Possibly,Internet pioneer and activist who founded De Digitale Stad and later Waag; champions open technology and social innovation.,https://waag.org/en/
Peer Perez Øian,https://ars.electronica.art/panic/files/2025/08/noimage.jpg,,"Director, Det Norske Teatret",Det Norske Teatret (Norway),Leading Norwegian theatre known for innovative productions and interactive storytelling.,Director of “The Trial Against Humanity”,Definitely,Theatre director exploring AI‑driven narratives and interactive performance; known for pushing boundaries in digital theater.,Discuss possibilities for bringing interactive theatre to Armenia; explore collaborative development of digital performances.,https://www.detnorsketeatret.no/
Lukas Joshua Baueregger,https://ars.electronica.art/panic/files/2025/08/bio_lukas-joshua-baueregger.jpg,,Creators of “Ekklesia” VR Experience,Staatstheater Augsburg (Germany),A state theatre experimenting with VR and participatory performance.,Artists – Digital Theater,Probably,"Designers of “Ekklesia”, a VR simulation where participants build a virtual society together; merge theatre with game mechanics.",Talk about VR as a tool for civic engagement; explore potential workshops or exhibitions in Armenia.,https://staatstheater-augsburg.de/
Benjamin Seuffert,https://ars.electronica.art/panic/files/2025/08/bio_benjamin-seuffert.jpg,,Creators of “Ekklesia” VR Experience,Staatstheater Augsburg (Germany),A state theatre experimenting with VR and participatory performance.,Artists – Digital Theater,Probably,"Designers of “Ekklesia”, a VR simulation where participants build a virtual society together; merge theatre with game mechanics.",Talk about VR as a tool for civic engagement; explore potential workshops or exhibitions in Armenia.,https://staatstheater-augsburg.de/
Victorine van Alphen,https://ars.electronica.art/panic/files/2025/08/noimage.jpg,https://www.instagram.com/ivfx_victorine_van_alphen/#,"Artist & Researcher, Brave New Human / IDlab",Brave New Human / IDlab (Netherlands Film Academy),Collective and research group exploring human–technology relationships through art and immersive rituals.,Creator of “The Oracle”,Definitely,Creates participatory rituals blending indigenous philosophies and algorithmic culture; invites audiences into speculative futures.,Discuss ritual and community in digital spaces; explore co‑creation of immersive experiences with Armenian communities.,
Silke Grabinger,https://ars.electronica.art/panic/files/2025/08/silk_silkegrabinger_fotocredit_meinrad_hofer_dsc_9726_web.jpg,https://www.instagram.com/silk_cie/,Choreographer & Performer; Founder of SILK Fluegge,SILK Fluegge (Austria),Dance company blending contemporary choreography with robotics and digital media.,Performer – AREYOUARE & Staged Realities (Act II),Definitely,Renowned dancer and choreographer who collaborates with robots and AI; focuses on interspecies communication and embodiment.,"Invite her to lead a workshop on dance, robotics and body politics at hosq; discuss feminist perspectives in art-tech.",
Oxi Koskelainen,https://ars.electronica.art/panic/files/2025/08/bio_oxi-koskelainen.jpg,https://www.instagram.com/oxi_online/,Director & Playwright,Oulu Theatre (Finland),Regional theatre producing contemporary works; known for science‑fiction and socially engaged plays.,Creator of “White Hunger”,Probably,Finnish writer and director exploring dystopian futures and social inequality through theatre; adapts literature into immersive staging.,Connect on storytelling about resilience and social justice; propose cross‑cultural co‑productions.,
Marc Da Costa,https://ars.electronica.art/panic/files/2025/08/bio_marc-da-costa.jpg,https://www.instagram.com/marconline2000/,Artists & Researchers,Parallels (US/PT),Interdisciplinary duo using machine learning and LED installations to explore perception and AI’s gaze.,Creators of “Parallels” installation,Probably,"Their installation uses neural networks to transform public spaces into portals, questioning machine perception and audience agency.",Discuss possibilities for site‑specific installations in Armenia; explore collaboration on data‑driven public art.,
Matthew Niederhauser,https://ars.electronica.art/panic/files/2025/08/bio_matthew-niederhauser.jpg,https://www.instagram.com/dearspaceship/,Artists & Researchers,Parallels (US/PT),Interdisciplinary duo using machine learning and LED installations to explore perception and AI’s gaze.,Creators of “Parallels” installation,Probably,"Their installation uses neural networks to transform public spaces into portals, questioning machine perception and audience agency.",Discuss possibilities for site‑specific installations in Armenia; explore collaboration on data‑driven public art.,
Heather Knight,https://ars.electronica.art/panic/files/2025/08/bio_heather-knight.jpg,https://www.instagram.com/hotrobotlady/,Robotics & Performance Researcher,Oregon State University / Marilyn Monrobot,University lab bridging social robotics and performance art; known for robot stand‑up comedy experiments.,Speaker – Staged Realities (Act I),Probably,Combines robotic engineering with theatre; studies how robots and humans interact on stage and in everyday life.,Explore research exchanges on robotics in performance and community engagement; invite her for a hosq lecture.,
AC Coppens,https://ars.electronica.art/panic/files/2025/08/bio_ac-coppens.jpg,https://www.instagram.com/catalysts.agency/,Moderator & Founder of The Catalysts,The Catalysts (France/Germany),"Boutique consultancy producing events and strategies at the intersection of art, technology and science.",Moderator of Staged Realities & AI in Creativity Talks,Definitely,Works as curator and strategic advisor for festivals and companies; amplifies voices in new media and AI ethics.,Request advice on structuring hosq’s own art‑science events; explore collaboration on programming and moderation.,https://thecatalysts.org/
Tawny Schlieski,https://ars.electronica.art/panic/files/2025/08/bio_tawny-schlieski.jpg,https://www.linkedin.com/in/tawny-schlieski/,Researcher & Storyteller,Oregon Story Board / Intel (US),Innovation lab exploring immersive storytelling and technology education.,Speaker – Staged Realities (Prologue),Probably,Interdisciplinary researcher working on emerging tech narratives; co‑founded Oregon Story Board and collaborates with Intel on future experiences.,Share hosq’s emphasis on narrative and community; discuss potential joint storytelling labs or residencies.,
Stefan Kaegi,https://ars.electronica.art/panic/files/2025/08/bio_stefan-kaegi_bymvkummer9736.jpg,https://www.instagram.com/kaegistefan/,Director & Co‑founder of Rimini Protokoll,Rimini Protokoll (Germany/Switzerland),Collective known for documentary theatre that involves non‑actors and interactive formats.,Speaker – Staged Realities (Act I),Probably,Creates participatory theatre works that challenge audiences and blur reality; explores technology’s role in storytelling.,Talk about hosq’s community‑centric programs; propose collaborative documentary projects in Armenia.,
Marcus Lobbes,https://ars.electronica.art/panic/files/2025/08/bio_marcus-lobbes.jpg,https://www.instagram.com/theater.digital/,Director of the Institute for Digital Dramaturgy & Performance,Theater Dortmund / Academy for Theatre & Digitality,Institute training artists in digital dramaturgy and immersive media.,Speaker – Staged Realities (Acts I & II),Probably,Operatic and theatre director exploring digital tools for dramaturgy; heads the Academy for Theatre & Digitality in Dortmund.,Discuss educational collaborations; invite him to speak at hosq about digital dramaturgy training.,
Matthieu Lorrain,https://ars.electronica.art/panic/files/2025/08/bio_matthieu-lorrain.jpg,https://www.matthieulorrain.com/,"Global Creative Lead for AR, Google / YouTube",Google,Technology company with AR research and creative labs.,Speaker – Staged Realities (Act II),Possibly,Works on immersive AR storytelling and creative tools; previously led interactive projects at Google Arts & Culture.,Explore partnerships for AR storytelling workshops or residencies; ask about open tools for artists.,
Nils Corte,https://ars.electronica.art/panic/files/2025/08/bio_nils-corte.jpg,,Designer & Interactive Performance Artist,Independent (Germany),Creates interactive stage experiences merging AI and scenography.,Speaker – Staged Realities (Act II),Possibly,Develops digital scenography and live interfaces for theatre; part of various EU theatre projects.,Discuss interactive stage design; explore inviting him for technical workshops at hosq.,
Michael Rau,https://ars.electronica.art/panic/files/2025/08/bio_michael-rau.jpg,https://www.facebook.com/michael.rau,Stage Director & Digital Theatre Artist,Independent (USA),"Theatre director experimenting with livestreams, VR, and interactive performance.",Speaker – Staged Realities (Act II),Possibly,Known for blending theatre and digital media; teaches at Yale; explores audience participation through technology.,Ask about his experiences with remote audiences and interactive theatre; propose cross‑campus streaming collaborations.,
Ali Nikrang,https://ars.electronica.art/futurelab/files/2020/07/Ali_Nikrang-1.jpg,,Composer & AI Researcher,Ars Electronica Futurelab,"R&D lab creating prototypes at the intersection of art, science, and technology.",Speaker – AI×Art Talk & Staged Realities (Act II),Definitely,Develops AI‑assisted composition tools like Ricercar; trained as a classical pianist and computer scientist.,Discuss AI‑generated music and potential workshops for Armenian composers; explore artist exchanges with Futurelab.,https://ars.electronica.art/futurelab/en/
Pablo Palacio,https://ars.electronica.art/panic/files/2025/08/bio_pablo-palacio.jpg,,Composer & Sound Researcher,Independent / University of Sonology (The Hague),Internationally active composer exploring algorithmic composition and AI tools.,Workshop leader – AI Toolbox (Staged Realities),Probably,Co‑develops the AI Toolbox for performing arts; integrates algorithmic systems into music and dance.,Invite him to lead a workshop on generative sound; discuss integrating AI toolbox into hosq’s labs.,
Magda Romanska,https://ars.electronica.art/panic/files/2025/08/bio_magda-romanska.jpg,https://www.instagram.com/magda.romanska/,Professor of Theatre & Dramaturgy,Emerson College (US),Institution offering theatre education; home to AI‑theatre research.,Speaker – Staged Realities (Act III),Probably,"Scholar and dramaturg investigating the intersection of theatre, AI, and ethics; editor of dramaturgy anthologies.",Discuss ethical storytelling in digital art; explore joint research or publications with hosq.,
Nora Krahl,https://ars.electronica.art/panic/files/2025/08/portrait_nora_krahl_image_28129.jpeg,https://www.instagram.com/nora_krahl?igsh=cGgzdjd1ZmY5a3Nl,Researcher in Digital Theatre & Dramaturgy,University of Bayreuth (Germany),University with strong theatre studies and digital humanities programs.,Speaker – Staged Realities (Act III),Probably,Examines how digital tools transform narrative structures and audience roles in theatre.,Talk about academic collaborations; offer hosq as a case study site for her research.,
Hermann Schneider,https://ars.electronica.art/panic/files/2025/08/noimage.jpg,,Artistic Director,Landestheater Linz (Austria),Regional theatre producing opera and contemporary works; partner of Ars Electronica.,Speaker – Staged Realities (Act III) & collaborator on Big Concert Night,Definitely,Runs Landestheater Linz and collaborates with Ars Electronica on digital opera; champions innovative staging.,Discuss possibilities for co‑produced operas or theatrical residencies between Linz and Armenia.,
Paulien Geerlings,https://ars.electronica.art/panic/files/2025/08/bio_paulien-geerlings.jpg,https://www.linkedin.com/in/paulien-geerlings-50750731/,Dramaturg & Translator,ICK Amsterdam (Netherlands),Dance company and research platform exploring movement and technology.,Speaker – Staged Realities (Act III),Probably,Works on dramaturgy for dance and interdisciplinary projects; focuses on the interplay between language and movement.,Propose exchange programs with Armenian dance artists; discuss curating cross‑disciplinary performances.,
Sarah Ellis,https://ars.electronica.art/panic/files/2025/08/portrait_sarah-ellis-headshot.jpg,,Director of Digital Development,Royal Shakespeare Company (UK),Leading theatre company known for integrating digital technology and new audience experiences.,Speaker – Staged Realities (Epilogue),Probably,Develops digital innovation projects such as the RSC’s VR and AR productions; co‑leads research on AI for theatre.,Ask about RSC’s digital projects and potential for co‑productions or knowledge exchanges with hosq.,https://www.rsc.org.uk/
René Mayrhofer,https://ars.electronica.art/panic/files/2025/08/bio_rene-mayrhofer.jpg,,Professor & Director of Institute for Networks and Security,Johannes Kepler University (JKU),JKU is a leading Austrian university; the Institute focuses on digital security and privacy.,Co‑curator – “Digital Shadows” (LIT Exhibition),Probably,Researches digital identities and cybersecurity; co‑created “Digital Shadows” exploring data power and visibility.,Discuss data ethics and digital literacy programs; explore joint workshops on privacy and AI with hosq.,
Kristina Tica,https://ars.electronica.art/panic/files/2025/08/portrait_kristinatica-portraitbw-photo-christianepliem.jpg,https://www.instagram.com/ticakristina/,Artist & Researcher,University of Applied Arts Vienna,Prestigious art school fostering experimental digital art and design.,Co‑creator – “HUMAN OVERS[A]IGHT: THE OPS ROOM”,Probably,Works on interactive installations focusing on human oversight of AI systems; explores EU AI Act implications.,Invite her to speak about AI governance in art; discuss opportunities for residencies or exhibitions in Armenia.,
Andreas Kaindlstorfer,https://ars.electronica.art/panic/files/2025/08/bio_andreas-kaindlstorfer.jpg,,Artist & Researcher,Johannes Kepler University / LIT,"University research labs bridging art, science, and society.",Co‑creator – “The Dream In Experience”,Probably,Explores sleep culture and real‑time data visualization; his project transforms sleep data into artistic output.,Discuss cross‑disciplinary projects on rest and wellbeing; explore potential collaborations with hosq labs.,
Daniel Herrmann,https://ars.electronica.art/panic/files/2025/08/bio_daniel-f-hermann.jpg,,Director of Curatorial & Public Engagement,"National Gallery, London",Major art museum; the digital team reimagines exhibitions using technology.,Co‑creator of “[Re]Curated” (Deep Space 8K),Probably,Curates exhibitions and digital programmes that reinterpret art history; leads innovation at the National Gallery.,Talk about digital curatorship and possible exchanges between the National Gallery and Armenian institutions.,https://www.nationalgallery.org.uk/
Jiabao Li,https://ars.electronica.art/panic/files/2025/08/bio_jiabao-li-small.jpg,https://www.instagram.com/jia.bao.li/?hl=en,Artist & Designer,MIT Media Lab / Independent,"Research lab exploring design, art and science; her work spans AR, climate activism and public art.",Performer – Deep Stage (Parts I & II),Probably,Creates immersive experiences on climate change and social issues; named on Forbes 30 Under 30 for art and style.,Discuss climate‑focused art and community engagement; explore cross‑continental installation projects.,
Manu Prakash,https://ars.electronica.art/panic/files/2025/08/portrait_manu_prakash.jpg,,Biophysicist & Professor,Stanford University,US research university; his lab develops frugal science tools like the foldscope.,Performer – Deep Stage,Possibly,Inventor of low‑cost scientific instruments; merges science education with art and design.,Explore citizen science and DIY biology programs; propose collaborations bringing frugal science tools to Armenian schools.,
Roland Haring,https://ars.electronica.art/futurelab/files/2020/07/Roland_Haring-1.jpg,,"Co‑Director, Ars Electronica Futurelab",Ars Electronica Futurelab,"Artistic R&D lab that merges art, technology, and society.",Host – Deep Space in Dialog,Definitely,Leads development of Deep Space experiences and coordinates technical innovations for exhibitions.,Discuss hosq’s interest in immersive environments; explore technical support and exchange programs.,https://ars.electronica.art/futurelab/en/
Christoph Kremer,https://ars.electronica.art/futurethinkingschool/files/2020/12/kremer.png,,Director of Ars Electronica Center,Ars Electronica Center,"Museum and lab exploring new media, digital culture, and interactive exhibitions.",Host – Deep Space programs,Definitely,Oversees the museum’s exhibitions and educational programming; promotes accessibility of digital culture.,Propose collaborations on interactive exhibition design and exchange of traveling shows.,https://ars.electronica.art/center/
Michael Mondria,https://ars.electronica.art/solutions/files/2024/11/michi_560x840-667x1000.jpg,,"Managing Director, Ars Electronica Solutions",Ars Electronica Solutions,Branch of Ars Electronica offering bespoke immersive installations and consultancy for clients worldwide.,Host – Deep Space programs,Probably,Develops commercial and educational immersive projects; expands Ars Electronica’s innovation to industry and culture.,Discuss potential collaborations on immersive installations for hosq’s future space or corporate partners.,
Daniel Oliver Moser,https://ars.electronica.art/panic/files/2025/08/bio_daniel-oliver-moser.jpg,https://www.danielolivermoser.com/,Composer,Independent / Bruckner University,Composer who integrates generative visuals and AI into music performance.,Composer of CHROMA (Sonic Saturday & Deep Space),Probably,Collaborates with pianist Konstantin Semilakovs on audiovisual concerts; explores the interaction of piano and generative algorithms.,Invite him to host a workshop on algorithmic composition at hosq; discuss AI‑driven music residencies.,
Konstantin Semilakovs,https://ars.electronica.art/panic/files/2025/08/bio_chromaavohler.jpg,https://www.instagram.com/semilakovs__/,Pianist & Visual Artist,Independent,Performs classical and contemporary repertoire; integrates visuals in live performance.,Performer of CHROMA,Probably,Pianist from Latvia/Germany who collaborates on multimedia projects combining music and generative art.,Discuss cross‑disciplinary performance opportunities; invite him for a recital/lecture in Armenia.,
Antonela Tommasel,https://ars.electronica.art/panic/files/2025/08/bio_antonela-tommasel.jpg,https://tommantonela.github.io/,Data scientist & researcher,Linz Institute of Technology (JKU),"LIT at Johannes Kepler University bridges science, art and society through interdisciplinary research and exhibitions exploring topics like misinformation, digital shadows, ecology and sleep equity",Team member of Breaking News: Wolpertinger sighted in Linz! (LIT exhibition),Likely present,Antonela Tommasel is a data scientist and researcher at the LIT of JKU who studies misinformation and data transparency. She helped develop the Breaking News: Wolpertinger installation exploring disinformation and emotional responses.,Ask about the methodology for translating misinformation into artistic installations and discuss hosq’s interest in data literacy programs.,https://www.jku.at/en/linz-institute-of-technology/
Markus Schedl,https://ars.electronica.art/panic/files/2025/08/bio_markus-schedl.jpg,,Professor of Artificial Intelligence & Data Science,Johannes Kepler University – Linz Institute of Technology (LIT),"LIT fosters collaboration between art, science and society through research projects and exhibitions that highlight social challenges",Team member of Breaking News: Wolpertinger (LIT exhibition),Likely present,"Markus Schedl leads the Department of Computational Perception at JKU. His research focuses on information retrieval, human-centered AI and bias detection. At Ars Electronica he contributes to the Breaking News project on misinformation.",Discuss potential AI‑driven art projects addressing media literacy and invite him to contribute a lecture or workshop in Armenia.,https://www.jku.at/en/linz-institute-of-technology/
Andreas Strauss,https://ars.electronica.art/panic/files/2025/08/bio_andreas-strauss.jpg,,Interdisciplinary artist & researcher,Linz Institute of Technology (JKU),LIT at JKU supports experimental art‑science projects and provides space for artists and researchers to collaborate,Co‑creator of The Dream In Experience (LIT exhibition),Likely present,"Andreas Strauss is an Austrian artist known for site‑specific works merging sound, architecture and human perception. He co‑developed The Dream In Experience—a research-based installation exploring sleep and the politics of rest.",Ask about the role of rest and sleep in creative practices and propose a residency exchange focusing on wellness and art.,https://www.jku.at/en/linz-institute-of-technology/
Reinhard Gupfinger,https://ars.electronica.art/panic/files/2025/08/bio_reinhard-gupfinger.jpg,,Sound artist & researcher,JKU Linz / LIT,"The LIT encourages cross‑disciplinary collaboration between engineers, artists and social scientists to address societal issues",Contributor to The Dream In Experience (LIT exhibition),Likely present,"Reinhard Gupfinger works at the intersection of acoustic ecology and art. He co‑created The Dream In Experience, combining sleep research with sound art to question our relationship with technology and rest.",Share hosq’s interest in sonic research and propose co‑curated performances focusing on environmental soundscapes.,https://www.jku.at/en/linz-institute-of-technology/
Philipp Hofer,https://ars.electronica.art/panic/files/2025/08/bio_hofer_philipp.jpg,,Researcher & technologist,JKU Linz / LIT,"LIT’s exhibition explores digital identities, misinformation and critical media literacy through interactive installations",Contributor to Digital Shadows (LIT exhibition),Likely present,"Philipp Hofer is part of the Digital Shadows team at LIT, developing installations that visualise how personal data traces are created and manipulated.","Discuss privacy, surveillance and opportunities to co‑host workshops on data ethics in Armenia.",https://www.jku.at/en/linz-institute-of-technology/
Martin Reiter,https://ars.electronica.art/planetb/files/2022/07/bio_Martin-Reiter-c-Martin-Reiter.jpg,,Ecologist & artist,JKU Linz / LIT,"LIT fosters projects that bridge art and ecological research, encouraging dialogue about environmental futures",Co‑creator of Echoes of Ecology (LIT exhibition),Likely present,Martin Reiter collaborates with scientists to transform ecological data into sensory experiences. Echoes of Ecology sonifies environmental changes and invites audiences to reflect on climate connections.,Share hosq’s ecological initiatives and explore possibilities for collaborative eco-art residencies.,https://www.jku.at/en/linz-institute-of-technology/
Florian Nimmervoll,https://ars.electronica.art/planetb/files/2022/07/bio_Florian-Nimmervoll-c-Florian-Nimmervoll.jpg,,Composer & media artist,JKU Linz / LIT,LIT’s art–science projects address environment and technology through immersive installations,Co‑creator of Echoes of Ecology (LIT exhibition),Likely present,Florian Nimmervoll composes generative music for interactive installations. In Echoes of Ecology he helps translate ecological metrics into sound and visual patterns.,Propose collaborations on data‑driven music and host remote workshops with Armenian musicians.,https://www.jku.at/en/linz-institute-of-technology/
Patricia Stark,https://ars.electronica.art/panic/files/2025/08/bio_patricia-stark.jpg,,Curator & scholar,JKU Linz / LIT,LIT’s exhibitions explore digital culture and the future of education,Co‑creator of Into the JKUniverse (LIT exhibition),Likely present,Patricia Stark researches digital identities and immersive learning. Into the JKUniverse uses VR and narrative design to reimagine university spaces as exploratory worlds.,Discuss how immersive storytelling can build community and plan joint education‑technology programs.,https://www.jku.at/en/linz-institute-of-technology/
Gregor Pechmann,https://ars.electronica.art/panic/files/2025/08/bio_gregor-pechmann_credit_tom-mesic28129.jpg,,Technologist & project manager,JKU Linz / LIT,LIT integrates technical development and artistic research to create participatory experiences,Contributor to Into the JKUniverse (LIT exhibition),Likely present,"Gregor Pechmann designs interactive environments blending VR, architecture and game mechanics. At LIT he helped implement Into the JKUniverse.",Explore potential for co‑developing virtual spaces for hosq’s programs and residencies.,https://www.jku.at/en/linz-institute-of-technology/
Kerstin Pell-Langaditis,https://ars.electronica.art/panic/files/2025/08/noimage.jpg,,Digital experience designer,JKU Linz / LIT,"LIT fosters digital creativity through collaborations between researchers, artists and students",Contributor to Into the JKUniverse (LIT exhibition),Likely present,Kerstin Pell‑Langaditis designs user experiences for VR and AR. Her work on Into the JKUniverse creates immersive environments that make academic research accessible to wider audiences.,Discuss user‑centric design approaches and potential to co‑design interactive experiences at hosq.,https://www.jku.at/en/linz-institute-of-technology/
Eugénie Desmedt,https://ars.electronica.art/panic/files/2025/08/noimage.jpg,,Literary scholar & AI researcher,JKU Linz / LIT,"LIT encourages experimentation with language, AI and narrative through the Artificial Literature Laboratory",Co‑creator of The Artificial Literature Laboratory (LIT exhibition),Likely present,"Eugénie Desmedt works at the intersection of literature and AI. She co‑created The Artificial Literature Laboratory, which uses machine learning to explore new forms of storytelling.",Share hosq’s interest in AI‑generated literature and propose collaborative workshops on algorithmic storytelling.,https://www.jku.at/en/linz-institute-of-technology/
Paul Kloker,https://ars.electronica.art/panic/files/2025/08/noimage.jpg,,Writer & programmer,JKU Linz / LIT,LIT’s Artificial Literature Laboratory combines creative writing and coding to push the boundaries of narrative forms,Co‑creator of The Artificial Literature Laboratory (LIT exhibition),Likely present,Paul Kloker is a writer and creative coder experimenting with generative text. He helps run the Artificial Literature Laboratory at LIT.,Discuss algorithmic poetry and invite him to conduct a coding‑meets‑writing workshop at hosq.,https://www.jku.at/en/linz-institute-of-technology/
Márton Zalka,https://ars.electronica.art/panic/files/2025/08/noimage.jpg,,Digital media artist,JKU Linz / LIT,LIT fosters interdisciplinary teams exploring the future of narrative and digital storytelling,Co‑creator of The Artificial Literature Laboratory (LIT exhibition),Likely present,Márton Zalka develops interactive installations and generative narratives using AI and AR technologies.,Brainstorm about immersive storytelling for cross‑cultural audiences and potential joint residencies.,https://www.jku.at/en/linz-institute-of-technology/
Christine Haupt,https://ars.electronica.art/panic/files/2025/08/noimage.jpg,,Project coordinator,JKU Linz / LIT,LIT promotes creative and administrative collaboration across academic departments,Coordinator of The Artificial Literature Laboratory (LIT exhibition),Likely present,"Christine Haupt coordinates LIT’s Artificial Literature Laboratory, ensuring smooth collaboration between artists and computer scientists.",Discuss institutional coordination and share best practices for running interdisciplinary residencies.,https://www.jku.at/en/linz-institute-of-technology/
John Stack,https://ars.electronica.art/panic/files/2025/08/bio_john-stack-national-gallery.jpg,,Chief Digital Officer,"National Gallery, London",The National Gallery’s digital programme pioneers the use of new technologies to share cultural heritage with global audiences.,Contributor to [Re]Curated (Deep Space 8K),Likely present,"John Stack leads the National Gallery’s digital strategy. He collaborates with artists and technologists to create immersive museum experiences, such as the [Re]Curated project",Discuss digital strategy for cultural institutions and explore cross‑institutional VR exhibitions.,https://www.nationalgallery.org.uk/
Lawrence Chiles,https://ars.electronica.art/panic/files/2025/08/bio_lawrence-chiles.jpg,,Head of Digital Innovation,"National Gallery, London",The National Gallery invests in digital innovation to re‑interpret artworks and engage new audiences.,Contributor to [Re]Curated (Deep Space 8K),Likely present,"Lawrence Chiles oversees digital product development at the National Gallery. He collaborated on [Re]Curated, which uses 3D scanning to create immersive journeys through paintings",Share hosq’s digital residency ideas and seek advice on sustainable digital infrastructure for museums.,https://www.nationalgallery.org.uk/
Luca Geiger,https://ars.electronica.art/panic/files/2025/08/bio_luca-geiger.jpg,https://luca-geiger.my.canva.site/,Media artist,Independent / AT,Luca Geiger explores immersive storytelling and eco‑critical narratives through digital art.,Co‑creator of Black Tide Protocol (Deep Space 8K),Likely present,Luca Geiger works with generative visuals and interactive media. Black Tide Protocol simulates oil spill patterns to provoke reflection on environmental catastrophes,Explore collaborations on environmental installations and discuss hosting his works in Armenia.,
Dino Ponjevic,https://ars.electronica.art/panic/files/2025/08/bio_dinopinjovec.jpg,,Sound designer,Independent / AT,Dino Ponjevic develops soundscapes for immersive installations and digital performances.,Co‑creator of Black Tide Protocol (Deep Space 8K),Likely present,Dino Ponjevic crafts sonic environments that respond to generative visuals. His collaboration Black Tide Protocol sonifies simulated ecological disasters,Discuss integrating interactive sound design into hosq’s exhibitions and residencies.,
Alexander Hödlmoser,https://ars.electronica.art/panic/files/2025/08/bio_alexh-1080.jpg,https://alexhoedlmoser.artstation.com/,Creative coder & musician,Independent / AT,"Alexander Hödlmoser creates generative art blending coding, music and science.",Co‑creator of Black Tide Protocol (Deep Space 8K),Likely present,Alexander Hödlmoser mixes code and music to build responsive installations. In Black Tide Protocol he developed the visual and auditory algorithms,Share hosq’s interactive art labs and explore co‑teaching coding‑for‑artists workshops.,
Celine Pham,https://ars.electronica.art/panic/files/2025/08/bio_celine-pham.jpg,https://www.instagram.com/akumuenjeru/,Visual artist,University of Applied Sciences Upper Austria,The university’s digital media department supports experimental projects at the intersection of art and technology.,Co‑creator of Brosch AI–Distorted Dreams (Deep Space 8K),Likely present,Celine Pham collaborates on AI‑generated visual experiences. Distorted Dreams uses neural networks to distort and reinterpret dream imagery,Discuss AI‑generated visuals and propose a joint workshop on creative coding with hosq’s participants.,https://www.fh-ooe.at/en/
Jolanda Abasolo,https://ars.electronica.art/panic/files/2025/08/bio_jolanda-abasolo.jpg,,Media artist,University of Applied Sciences Upper Austria,The university fosters interdisciplinary digital art projects and provides infrastructure for AI‑driven installations.,Co‑creator of Brosch AI–Distorted Dreams (Deep Space 8K),Likely present,Jolanda Abasolo works with machine learning and generative art. In Distorted Dreams she explores how AI distorts personal and collective dreams,Discuss cross‑cultural dream archives and propose an exhibition exchange with Armenian artists.,https://www.fh-ooe.at/en/
Victoria Wolfersberger,https://ars.electronica.art/panic/files/2025/08/bio_victoria_wolfersberger-6qu.jpg,Victoria-wolfersberger.com,Creative coder & researcher,University of Applied Sciences Upper Austria,The university’s digital arts program encourages experimental uses of AI and data in artistic practice.,Co‑creator of Brosch AI–Distorted Dreams (Deep Space 8K),Likely present,Victoria Wolfersberger develops interactive applications that merge AI and visual storytelling. Distorted Dreams merges generative visuals with narrative immersion,Explore research‑driven residencies focusing on AI art and share hosq’s lab infrastructure.,https://www.fh-ooe.at/en/
Juergen Hagler,https://ars.electronica.art/panic/files/2025/08/bio_juergen-hagler.jpg,,Professor of Computer Animation,University of Applied Sciences Upper Austria,The university is known for its expertise in computer animation and interactive media.,Mentor for Brosch AI–Distorted Dreams (Deep Space 8K),Likely present,"Juergen Hagler heads the animation program at the University of Applied Sciences Upper Austria. He mentors projects like Distorted Dreams, bridging AI and animation",Discuss potential for student exchanges and collaborative animation residencies at hosq.,https://www.fh-ooe.at/en/
Sebastian Pichelhofer,https://ars.electronica.art/panic/files/2025/08/bio_pichelhofer.jpg,,Researcher & technologist,Independent / AT,Sebastian Pichelhofer collaborates with artists and researchers on open source hardware and interactive projects.,Co‑creator of Connected Life (Deep Space 8K),Likely present,Sebastian Pichelhofer designs open source sensors and digital instruments. Connected Life visualizes biometric data and invites participants to contribute their signals,Discuss DIY sensors and propose co‑development of affordable biofeedback tools for hosq’s labs.,
Sebastian Postl,https://ars.electronica.art/panic/files/2025/08/postl_sebastian.jpg,,Media artist,Independent / AT,"Sebastian Postl works at the intersection of data, performance and visualization.",Co‑creator of Connected Life (Deep Space 8K),Likely present,Sebastian Postl creates interactive installations using physiological data. In Connected Life he translates human signals into immersive experiences,Explore potential for cross‑disciplinary residencies focusing on biofeedback and interactive art.,
Valentin Postl,https://ars.electronica.art/panic/files/2025/08/noimage.jpg,,Data scientist & artist,Independent / AT,Valentin Postl bridges data analysis and artistic exploration in immersive installations.,Co‑creator of Connected Life (Deep Space 8K),Likely present,Valentin Postl integrates real‑time data streams into immersive environments. Connected Life invites audiences to contribute their biometric signals,Discuss potential data‑driven collaborations and propose a residency around interactive wellbeing projects.,
Claudia Puck,https://ars.electronica.art/panic/files/2025/08/bio_claudia_puck_portrait.jpg,,Project coordinator,Independent / AT,Claudia Puck organizes multidisciplinary art projects connecting technology and human experience.,Coordinator of Connected Life (Deep Space 8K),Likely present,Claudia Puck manages collaborative projects that integrate biometric sensors and responsive visuals. She coordinates the Connected Life project,Share hosq’s experience coordinating cross‑disciplinary projects and explore joint program management strategies.,
Johann Steinegger,https://ars.electronica.art/panic/files/2025/08/bio_hansi-boden_1.jpg,Johannsteinegger.com,Technical developer,Independent / AT,Johann Steinegger builds hardware and software interfaces for interactive art.,Co‑creator of Connected Life (Deep Space 8K),Likely present,Johann Steinegger develops sensor technology and software frameworks. His contributions to Connected Life enable real‑time data visualisation,Talk about open hardware and seek guidance on building custom interfaces for hosq’s residencies.,
Florian Wurster,https://ars.electronica.art/panic/files/2025/08/noimage.jpg,,Designer & technologist,Independent / AT,Florian Wurster combines design and engineering to create immersive installations.,Co‑creator of Connected Life (Deep Space 8K),Likely present,Florian Wurster contributes to interactive projects blending visual design with data visualisation. He worked on Connected Life,Discuss design approaches for data‑driven environments and invite him to host a prototyping workshop.,
Melinda File,https://ars.electronica.art/panic/files/2025/08/noimage.jpg,,Astronomer & educator,Cultural Astronomy project,"Cultural Astronomy explores the relationships between astronomy, culture and storytelling through immersive experiences.",Co‑creator of Cultural Astronomy (Deep Space 8K),Likely present,Melinda File works at the intersection of astronomy and cultural studies. The Cultural Astronomy project translates celestial phenomena into participatory narratives,Discuss cosmic storytelling and propose a collaborative sky‑watching event in Armenia.,
Benedikt Pfisterer,https://ars.electronica.art/panic/files/2025/08/bio_benedikt-pfisterer.jpg,,Visual designer & researcher,Cultural Astronomy project,The project merges design and astronomy to create immersive educational experiences.,Co‑creator of Cultural Astronomy (Deep Space 8K),Likely present,Benedikt Pfisterer designs visualisations of astronomical phenomena that engage public audiences. Cultural Astronomy integrates his visuals with storytelling,Explore the idea of a star‑mapping workshop and cross‑disciplinary residencies focusing on cosmic art.,
Lisa Hochgatterer,https://ars.electronica.art/panic/files/2025/08/bio_lisa-hochgatterer.jpg,,Interactive artist,Cultural Astronomy project,Cultural Astronomy fosters creative approaches to exploring the night sky and celestial stories.,Co‑creator of Cultural Astronomy (Deep Space 8K),Likely present,"Lisa Hochgatterer blends interactive storytelling with astronomical education. She co‑created Cultural Astronomy, encouraging audiences to connect personal stories with the stars",Discuss the intersection of folklore and astronomy and plan a cross-cultural sky‑narrative project.,
Dan Tell,https://ars.electronica.art/panic/files/2025/08/bio_dan-tell.jpg,https://arc.net/l/quote/cekoayzb,Astronomer & digital producer,Exploratorium / Cultural Astronomy project,The Exploratorium in San Francisco supports public understanding of science through hands-on exhibits and collaborative art‑science projects.,Co‑creator of Cultural Astronomy (Deep Space 8K),Likely present,Dan Tell coordinates astronomy programs at the Exploratorium and collaborates on immersive experiences. In Cultural Astronomy he helps interpret cosmic data for audiences,Discuss science communication and propose a joint program connecting Armenian schoolchildren with astronomy.,
Rita Gautschy,https://ars.electronica.art/panic/files/2025/08/bio_ritagautschy.jpg,,Designer & curator,Cultural Astronomy project,"Cultural Astronomy merges art, design, and science to explore the cultural significance of the cosmos.",Co‑creator of Cultural Astronomy (Deep Space 8K),Likely present,Rita Gautschy curates interdisciplinary projects that connect cosmic phenomena with artistic expression. Cultural Astronomy engages the public in cross‑cultural sky stories,Share hosq’s interest in cross-cultural storytelling and propose an astronomical art residency.,
Mark Chavez,https://ars.electronica.art/panic/files/2025/08/bio_mark-chavez.jpg,https://www.instagram.com/drmindset/?hl=en,Professor of Digital Performance,Nanyang Technological University Singapore,"NTU’s School of Art, Design and Media fosters research in digital media, animation and interactive art.","Co‑creator of Echoes, Whispers and Memories (Deep Space 8K)",Likely present,"Mark Chavez leads the Media Art Nexus at NTU and produces large-scale immersive projections. Echoes, Whispers and Memories explores memory through spatial narratives",Discuss cross‑continental collaboration and invite him to host a masterclass on large‑scale projections.,
Ina Conradi,https://ars.electronica.art/panic/files/2025/08/bio_ina-conradi-asteve-escarcega.jpg,https://www.instagram.com/inaconradi/?hl=en,Professor of Animation,Nanyang Technological University Singapore,NTU supports pioneering research in digital animation and immersive visual storytelling.,"Co‑creator of Echoes, Whispers and Memories (Deep Space 8K)",Likely present,"Ina Conradi is an award‑winning animator known for blending painting and digital technology. Her collaboration Echoes, Whispers and Memories uses immersive animation to evoke personal histories",Invite her to discuss the role of hand‑drawn art in digital environments and propose an animation workshop at hosq.,
Gerda Leopold,https://ars.electronica.art/panic/files/2025/08/bio_gerda-leopold.jpg,https://www.instagram.com/amiluxfilm/,Filmmaker & VR producer,CIS – Deep Space 8K,CIS develops immersive VR experiences that reinterpret historical artworks for contemporary audiences.,Creator of Egon Schiele—A Personal Encounter (Deep Space 8K),Likely present,Gerda Leopold produces virtual-reality films that bring art history to life. Her project invites audiences to encounter Egon Schiele’s world through VR,Discuss merging VR with heritage and propose collaborative VR storytelling on Armenian art.,
Sebastian Endler,https://ars.electronica.art/panic/files/2025/08/bio_sebastian-endler.jpg,https://www.instagram.com/sebastianendler/,Animator & 3D artist,CIS,CIS specialises in immersive media and VR storytelling using high-resolution projection technologies.,Contributor to Egon Schiele—A Personal Encounter (Deep Space 8K),Likely present,Sebastian Endler creates 3D environments and animated sequences for VR experiences. He contributed to bringing Egon Schiele’s paintings into 3D space,Talk about 3D modelling techniques and invite him to mentor students at hosq.’s VR lab.,
Michael Geidel,https://ars.electronica.art/panic/files/2025/08/bio_michaelgeidel.jpg,https://www.instagram.com/actriostudio/,Software developer & producer,CIS,CIS develops VR applications for cultural heritage and educational storytelling.,Contributor to Egon Schiele—A Personal Encounter (Deep Space 8K),Likely present,Michael Geidel codes interactive systems for VR installations. He worked on the Egon Schiele project to create a seamless immersive experience,Discuss cross‑platform VR design and propose technical exchange sessions with hosq’s developers.,
Natan Sinigaglia,https://ars.electronica.art/panic/files/2025/08/noimage.jpg,,Composer & programmer,Independent / IT,Natan Sinigaglia explores the synergy between music and computer graphics to generate audio‑visual performances.,Creator of Forms of Resonance (Deep Space 8K),Likely present,Natan Sinigaglia integrates real‑time music composition with generative visuals. Forms of Resonance translates sound frequencies into abstract imagery,Invite him to demonstrate his audio‑visual tools and discuss collaborative performances with Armenian musicians.,
Agustin Muriago,https://ars.electronica.art/panic/files/2025/08/noimage.jpg,,Pianist & researcher,Independent / AR,Agustin Muriago combines classical piano performance with interactive technologies and research on perception.,Performer in Forms of Resonance (Deep Space 8K),Likely present,Agustin Muriago collaborates with composers to experiment with real‑time piano and digital visuals. Forms of Resonance pairs his performance with generative imagery,Discuss cross‑disciplinary performances blending classical music and tech and plan concerts in Armenia.,
Leon Butler,https://ars.electronica.art/panic/files/2025/08/portrait_leonbutler.jpg,,Visual artist & director,ULTRACOMBOS,ULTRACOMBOS produces interactive storytelling projects that blur the line between physical and digital performance.,Co‑creator of Foolish Flame (Deep Space 8K),Likely present,"Leon Butler directs multi‑sensory performances combining live theatre, projection mapping and interactive sculpture. Foolish Flame is an installation exploring ritual and technology",Ask about integrating ritual and technology and propose collaborative site‑specific performances in Armenia.,
Peter Power,https://ars.electronica.art/panic/files/2025/08/portrait_peterpower.jpg,,Composer & sound designer,ULTRACOMBOS,"ULTRACOMBOS fosters cross‑disciplinary collaborations in digital performance, sound design and installation art.",Co‑creator of Foolish Flame (Deep Space 8K),Likely present,"Peter Power composes music for theatre, film and immersive installations. For Foolish Flame he creates sonic textures that respond to audience movement",Discuss sound in immersive environments and invite him to collaborate on interactive soundscapes for hosq’s events.,
Brigitta Muntendorf,https://ars.electronica.art/panic/files/2025/08/bio_brigitta-muntendorf.jpg,,Composer & new music curator,Independent / DE,Brigitta Muntendorf explores hybrid opera forms and the interplay of acoustic instruments with digital media.,Speaker at STAGED REALITIES (Act I) and collaborator on AI‑theater projects,Likely present,Brigitta Muntendorf is a German composer known for integrating electronic media into contemporary music. She co‑curates AI‑theater formats and performs at Staged Realities.,,
Anders Hasmo,https://ars.electronica.art/panic/files/2025/08/bio_anders-hasmo_dsc0770.jpg,,Performer & game designer,Det Norske Teatret / NO,Det Norske Teatret is a Norwegian theatre company experimenting with digital dramaturgy and immersive experiences.,Speaker at STAGED REALITIES (Act I) and contributor to The Trial Against Humanity,Likely present,Anders Hasmo blends interactive storytelling and theatre. He co‑develops digital dramaturgy tools at Det Norske Teatret and contributes to AI‑infused performances.,,https://www.detnorsketeatret.no/
Oona Valarie & Ufuk Serbest,https://ars.electronica.art/panic/files/2025/08/noimage.jpg,https://ars.electronica.art/festival/de/view/fearless-women-immersive-narratives-and-real-battles-20f38ddb450c81968bdaf32a8478cdf0/,Artists & activists,FIFTITU% / Game and Object Group,FIFTITU% is a feminist network in Linz promoting gender equality in art and culture; the Game and Object Group develops interactive AR experiences.,Creators of Fearless Women AR walk (Digital Theater),Likely present,Oona Valarie and Ufuk Serbest design augmented reality experiences that highlight overlooked histories. Their project Fearless Women leads audiences through Linz with AR narratives about feminist activists,,https://fiftitu.at/
Jeremiah Diephuis,https://ars.electronica.art/panic/files/2025/08/noimage.jpg,Expanded-conf.org,Game designer & curator,University of Applied Sciences Upper Austria,"The university’s GameLab supports research and production of playful media, interactive installations and digital storytelling.",Co‑curator of EXPANDED PLAY exhibition,Likely present,Jeremiah Diephuis is a game designer and professor who co‑founded the GameLab at the University of Applied Sciences Upper Austria. He curates exhibitions of playful media and explores the social impact of games.,Discuss gamification in art and propose co‑curated playful media showcases in Armenia.,https://www.fh-ooe.at/en/
Katja Zibrek,https://expanded-conf.org/wp-content/uploads/2025/06/katja-zibrek.png,,Researcher & curator,Institute for Cultural Information in Slovenia & France,"Katja Zibrek studies user experience and embodied interaction, working across academia and cultural institutions.",Co‑curator of EXPANDED PLAY exhibition,Likely present,"Katja Zibrek researches the psychology of interactive media and co‑curates exhibitions exploring play, VR and mixed reality. She collaborates internationally with universities and museums.",Share hosq’s experiments with mixed reality and discuss hosting a residency focusing on playful interaction.,
Calin Segal,https://ars.electronica.art/eudigitaldeal/files/2024/02/calin-segal-1-1.jpg,,Media artist,Independent / RO,"Independent artist exploring digital identities, algorithmic content and interactive installations.","Creator of ""Whispers"" in Theme Exhibition – PANIC",Confirmed (Theme Exhibition),"Romanian artist Calin Segal creates interactive installations that examine how algorithmically curated content shapes our identities. His work ""Whispers"" invites visitors to reflect on digital discourses",Discuss how algorithmic systems influence culture and share hosq’s research in digital humanities.,
Noemi Iglesias Barrios,https://ars.electronica.art/panic/files/2025/08/bio_noemi-iglesias-barrios-portrait.jpg,https://www.instagram.com/noemi_i_barrios/,Interdisciplinary artist,Independent / ES,Spanish artist working at the intersection of social practice and AI surveillance.,"Creator of ""The Falling City"" (Theme Exhibition – PANIC)",Confirmed (Theme Exhibition),"Noemi Iglesias Barrios collaborates with Radix, the Knowledge Center Data and Society and the League for Human Rights to create “The Falling City” – an AI‑driven surveillance artwork searching for love rather than aggression",Talk about ethical AI surveillance and opportunities to co‑curate sociotechnical projects.,
Etsuko Ichihara,https://ars.electronica.art/panic/files/2025/08/bio_etsuko-ichihara.jpg,https://www.instagram.com/etsuko_ichihara/,Media artist & storyteller,Civic Creative Base Tokyo (CCBT),CCBT is a creative platform in Tokyo supporting artists and citizens to develop digital storytelling and participatory media.,Creator of “Dystopia Land” (Theme Exhibition – PANIC),Confirmed (Theme Exhibition),"Japanese artist Etsuko Ichihara collaborates with CCBT to present “Dystopia Land,” a participatory exhibition that imagines a dystopian parallel universe and invites visitors to explore future resilience",Discuss participatory art and propose cross‑cultural storytelling workshops.,https://ccbt.rekibun.or.jp/en/
Jin Lee,https://ars.electronica.art/panic/files/2025/08/bio_liminal-ringle-a-zer01ne.jpg,https://www.instagram.com/ji.nl.ee/,Installation artist,Independent / KR,Artist exploring the intersection of technology and nature through kinetic installations.,Creator of “Liminal Ring” (Theme Exhibition – PANIC),Confirmed (Theme Exhibition),Jin Lee’s installation “Liminal Ring” uses laminar air currents as a poetic symbol of the fragile balance between order and complexity in natural systems,,
Marc Vilanova,https://encrypted-tbn0.gstatic.com/images?q=tbn:ANd9GcRpK-fh2zB2v57nmMr5siziiW6i8ojhSYLD_Q&s,https://www.instagram.com/marcvilanova_studio/,Sound artist & composer,Independent / ES,Spanish sound artist known for large-scale installations exploring infrasound and perception.,Creator of “Phonos” (Theme Exhibition – PANIC),Confirmed (Theme Exhibition),Marc Vilanova’s monumental sound installation “Phonos” employs 208 recycled loudspeakers to translate inaudible infrasound frequencies into visible and audible movements,,
Paula Gaetano Adi,https://ars.electronica.art/aeblog/files/2025/06/45325_pga2024-risd_headshoot_2-edited.jpg,https://www.paulagaetanoadi.com/,Media artist & professor,Rensselaer Polytechnic Institute (US),"RPI hosts the School of Humanities, Arts and Social Sciences, fostering critical media art and science collaborations.",Winner of Golden Nica (AI and Life Art) for “Guanaquerx”; exhibited in Prix Ars Electronica Exhibition,Confirmed (Award Ceremony & Prix Exhibition),Argentine‑born artist Paula Gaetano Adi explores posthumanism and techno‑indigeneity. Her project “Guanaquerx” won the Golden Nica in AI and Life Art,,
Thomas Kvam,https://ars.electronica.art/aeblog/files/2025/06/48140_selvportrett_2-edited.jpg,,Artist & filmmaker,Independent / NO,"Norwegian artist working with animation, film and critical media art.",Co‑creator of “Requiem for an Exit” (Prix Ars Electronica Exhibition),Confirmed (Prix Exhibition & Award Ceremony),"Thomas Kvam, together with Frode Oldereid, created the animated work “Requiem for an Exit,” which won a Golden Nica at the Prix Ars Electronica 2025",Discuss experimental animation and propose film screenings or masterclasses.,
Frode Oldereid,https://encrypted-tbn0.gstatic.com/images?q=tbn:ANd9GcR_kUw6om5-rhtmjX1E0wXlfcmG2w0FIFPpJg&s,,Artist & composer,Independent / NO,Norwegian composer and media artist combining sound and animation.,Co‑creator of “Requiem for an Exit” (Prix Ars Electronica Exhibition),Confirmed (Prix Exhibition & Award Ceremony),Frode Oldereid collaborates with Thomas Kvam on media artworks. Their project “Requiem for an Exit” received the Golden Nica in New Animation Art,,
Navid Navab,https://encrypted-tbn0.gstatic.com/images?q=tbn:ANd9GcQo2kj7EfhH8-Dwem3BkBCAszy2E32-dlyorQ&s,,Sound artist & researcher,Concordia University (Canada),"Concordia’s Topological Media Lab explores sound, performance and environment through research and art.",Co‑creator of “Organism” (Prix Ars Electronica Exhibition; performance in St. Mary’s Cathedral),Confirmed (Prix Exhibition & St. Mary’s performances),"Navid Navab creates multi‑sensory environments that merge sound, performance and technology. His project “Organism,” with Garnet Willis, won the Golden Nica in Digital Musics",Discuss multisensory performance and propose a residency focused on sonic experimentation.,
Garnet Willis,https://ars.electronica.art/hope/files/2024/08/bio_garnetwillis.jpg,,Composer & sound engineer,Independent / CA,Canadian composer and sound engineer collaborating on immersive and spatial sound projects.,Co‑creator of “Organism” (Prix Ars Electronica Exhibition; performance in St. Mary’s Cathedral),Confirmed (Prix Exhibition & St. Mary’s performances),Garnet Willis partners with Navid Navab on sonic installations and music performances. Their project “Organism” won the Golden Nica in Digital Musics,,
Samaa Mizar,https://ars.electronica.art/panic/files/2025/08/bio_samaa-mizar.jpg,,Artist & researcher,JKU Linz / LIT,LIT integrates art and science to address social issues through research and public exhibitionshttps://ars.electronica.art/panic/en/view/LITLinzInstituteofTechnologyExhibition-1e338ddb450c80c5b0d3f9def307c0e0/#:~:text=.,Team member of “Breaking News: Wolpertinger” (LIT Exhibition),Likely present (LIT Exhibition),Samaa Mizar is part of the Breaking News team at LIT. She explores how emotion and prejudice shape judgment and contributes to creating interactive misinformation installations,Discuss emotional biases in media and propose collaborative research on data storytelling.,https://www.jku.at/en/linz-institute-of-technology/
Gustavo Escobedo,https://ars.electronica.art/panic/files/2025/08/bio_gustavo-escobedo.jpg,,Researcher & technologist,JKU Linz / LIT,"LIT fosters interdisciplinary research connecting science, art and technologyhttps://ars.electronica.art/panic/en/view/LITLinzInstituteofTechnologyExhibition-1e338ddb450c80c5b0d3f9def307c0e0/#:~:text=.",Team member of “Breaking News: Wolpertinger” (LIT Exhibition),Likely present (LIT Exhibition),"Gustavo Escobedo works on the Breaking News installation, focusing on the social influence of misinformation. He combines technical and artistic approaches",Talk about cross‑disciplinary team collaboration and invite him to co‑develop interactive research at hosq.,https://www.jku.at/en/linz-institute-of-technology/
Michael Preisach,https://ars.electronica.art/panic/files/2025/08/bio_michael-preisach.jpg,,Engineer & researcher,JKU Linz / LIT,LIT combines engineering and art to address societal challenges through research and public engagementhttps://ars.electronica.art/panic/en/view/LITLinzInstituteofTechnologyExhibition-1e338ddb450c80c5b0d3f9def307c0e0/#:~:text=.,Team member of “Breaking News: Wolpertinger” (LIT Exhibition),Likely present (LIT Exhibition),Michael Preisach contributes to the Breaking News project by developing technical frameworks for visualising and understanding misinformation,Discuss technical infrastructure for interactive installations and propose knowledge exchange workshops.,https://www.jku.at/en/linx-institute-of-technology/
Maki Namekawa,https://ars.electronica.art/hope/files/2024/08/bio_maki-namekawa.jpg,,Pianist & performer,Independent / JP,Internationally acclaimed pianist known for interpreting modern and classical works.,Performer of “Pianographique: Mishima-Suite” (Opening week),Confirmed (Pianographique performance),Maki Namekawa performs Philip Glass’s “Mishima-Suite” accompanied by Cori O’Lan’s visuals as part of the Pre‑Opening Week concerts.,Discuss live music with immersive visuals and invite her for future performances in Armenia.,
Carla Meller,https://ars.electronica.art/panic/files/2025/08/bio_carla-meller.jpg,,International collaborations coordinator,Academy for Theatre and Digitality (Dortmund),A research center exploring digitality in theater and performance.,Speaker at STAGED REALITIES (Act II),Will be present,"Carla Meller works at the Academy for Theatre and Digitality in Dortmund, coordinating international collaborations and exploring how digital technologies transform theater.",Discuss hosq’s cross-disciplinary programs and explore exchange opportunities with the Academy for Theatre and Digitality.,https://digitality.academy/en/
Dan Wilcox,https://v2.nl/wp-content/uploads/2023/02/dan-wilcox-268x400.jpeg,,Creative technologist and musician,Ars Electronica Futurelab,"Ars Electronica’s artistic research and development lab merging art, science, and technology.",Artist; co-creator of Oribotic Instruments (Futurelab Night),Will be present,"Dan Wilcox is an artist, musician and roboticist known for his experimental instruments and interactive performances; part of the Oribotic Instruments project at Futurelab.",Ask about Oribotic Instruments and discuss possibilities for workshops and residencies in Armenia.,https://ars.electronica.art/futurelab/en/
Stefan Mittlböck-Jungwirth-Fohringer,https://live.staticflickr.com/65535/52345025429_1b379afbe0_b.jpg,,Researcher and software developer,Ars Electronica Futurelab,Artistic R&D lab of Ars Electronica that prototypes future ideas at the intersection of art and technology.,Presenter at Futurelab Night (Inference Ground Truth),Will be present,Stefan Mittlböck-Jungwirth-Fohringer is a researcher at Ars Electronica Futurelab working on immersive technologies and data-driven art.,Talk about immersive data visualizations and potential collaborations between Futurelab and hosq’s labs.,https://ars.electronica.art/futurelab/en/
Will Tallent,https://ars.electronica.art/panic/files/2025/08/portrait_will_tallent_willportait_tall.jpg,,Technologist,Deep Stage project,Part of the Deep Stage team exploring immersive stage technologies.,Co-creator of Deep Stage (Futurelab Night),Will be present,"Will Tallent collaborates on Deep Stage, blending AI, robotics and stage design to explore new performance possibilities.",Discuss innovative stage technologies and possibilities for artist exchange.,
Michael Bruner,https://ars.electronica.art/panic/files/2025/08/portrait_michael_bruner_me_working.jpg,,Technologist and artist,Deep Stage project,Part of the Deep Stage team exploring immersive stage technologies.,Co-creator of Deep Stage,Will be present,"Michael Bruner is involved in the Deep Stage project, which experiments with AI and immersive environments for live performance.",Share hosq’s interest in immersive performance and explore potential collaborations.,
Lee Jung In,https://encrypted-tbn0.gstatic.com/images?q=tbn:ANd9GcQ1L-e6VBMeGFEa_2DBtTLQMBWQ7EmDCxIiXg&s,,Artist and choreographer,Lee Jung In Creation,Independent performance artist collective.,Creator of Der Atem 17/19 (Deep Space 8K),Will be present,"Lee Jung In is a performance artist known for merging dance, physical theater and new media; presenting Der Atem 17/19 in Deep Space 8K.",Discuss performance art and possibilities for residencies and workshops in Armenia.,
Johannes Pöll,https://ars.electronica.art/futurelab/files/2025/01/2025_johannes_poell.jpg,https://ars.electronica.art/futurelab/en/poell-johannes/,Researcher and creative coder,Ars Electronica Futurelab,Artistic R&D lab of Ars Electronica.,Member of Converge 2 team and Inference Ground Truth,Will be present,Johannes Pöll is a developer and artist at Futurelab working on immersive collaborative experiences like Converge 2 and data-driven art.,Talk about collaborative XR tools and share hosq’s plans for interactive labs.,https://ars.electronica.art/futurelab/en/
Raphael Schaumburg-Lippe,https://ars.electronica.art/futurelab/files/2025/04/2025_raphael_schaumburg-lippe_craphaelschaumburglippe-1.jpg,,Creative coder and artist,Ars Electronica Futurelab,Artistic R&D lab of Ars Electronica.,Member of Converge 2 and Inference Ground Truth team,Will be present,Raphael Schaumburg-Lippe works on collaborative XR experiences and data art within Futurelab’s SHARESPACE projects.,Discuss the SHARESPACE platform and explore potential integration with hosq’s residency programs.,https://ars.electronica.art/futurelab/en/
Patrick Berger,https://ars.electronica.art/futurelab/files/2020/07/Patrick_Berger-1.jpg,https://ars.electronica.art/futurelab/en/berger-patrick/,XR developer and artist,Ars Electronica Futurelab,Artistic R&D lab of Ars Electronica.,Co-creator of Converge 2,Will be present,Patrick Berger develops collaborative virtual environments like Converge 2 that explore social interactions in XR.,Ask about social XR experiences and share hosq’s ideas for cross-border collaborations.,https://ars.electronica.art/futurelab/en/
Victor Petro,https://encrypted-tbn0.gstatic.com/images?q=tbn:ANd9GcR06FSLxrWGKmabUdOG34vzuOutExtr1Vt0JQ&s,,Game designer and artist,Ars Electronica Futurelab,Artistic R&D lab of Ars Electronica.,Co-creator of Converge 2,Will be present,Victor Petro contributes to the design of multiplayer XR experiences in projects like Converge 2.,Share hosq’s plans for experimental game design labs and explore collaboration.,https://ars.electronica.art/futurelab/en/
Peter Holzkorn,https://ars.electronica.art/futurelab/files/2025/04/2025_peter_holzkorn_craphaelschaumburglippe-1.jpg,https://ars.electronica.art/futurelab/en/holzkorn-peter/,Sound artist and researcher,Ars Electronica Futurelab,Artistic R&D lab of Ars Electronica.,Co-creator of Corpus Corax,Will be present,Peter Holzkorn investigates interspecies communication and machine learning in Corpus Corax.,"Discuss sound art, AI, and potential residencies focused on ecology and technology.",https://ars.electronica.art/futurelab/en/
Nicolas Naveau,https://ars.electronica.art/futurelab/files/2020/07/Nicolas_Naveau-1.jpg,https://ars.electronica.art/futurelab/en/naveau-nicolas/,Artist and researcher,Ars Electronica Futurelab,Artistic R&D lab of Ars Electronica.,Co-creator of Corpus Corax,Will be present,Nicolas Naveau explores AI and animal behavior in interactive installations like Corpus Corax.,Talk about AI-driven art and explore how hosq could host similar projects.,https://ars.electronica.art/futurelab/en/
Anna Weiss,https://encrypted-tbn0.gstatic.com/images?q=tbn:ANd9GcSxApYQ2l0-TJv_UScyi0wQYujzbY5y_JlADw&s,https://ars.electronica.art/futurelab/en/weiss-anna/,Artist and researcher,Ars Electronica Futurelab,Artistic R&D lab of Ars Electronica.,Co-creator of Corpus Corax,Will be present,"Anna Weiss works on interactive projects combining art and science, including Corpus Corax.",Discuss art-science collaborations and invite her to share insights with hosq’s labs.,https://ars.electronica.art/futurelab/en/
Johannes Hiemetsberger,https://i0.wp.com/markusposchner.de/wp-content/uploads/2021/09/johannes-hiemetsberger.jpg?resize=720%2C480&ssl=1,,Conductor and artistic director,Company of Music,A professional choir and vocal ensemble based in Vienna.,Director of Company of Music performing at Opening,Will be present,"Johannes Hiemetsberger is the founder and artistic director of Company of Music, known for inventive choral programs.",Talk about choral innovations and potential collaborations with Armenian ensembles.,https://company-of-music.com/
Martin Achrainer,https://ars.electronica.art/panic/files/2025/08/bio_martin-achrainer-c-reinhard-winkler.jpg,,Baritone singer,Independent / Landestheater Linz,Baritone of international opera stages and a soloist in Landestheater Linz.,Performer in The Emperor of Atlantis at Big Concert Night,Will be present,Martin Achrainer is an Austrian baritone who performs in both opera and concert stages; he sings in The Emperor of Atlantis.,Discuss operatic collaborations and invite him to perform in Armenia.,
Michael Wagner,https://ars.electronica.art/panic/files/2025/08/bio_michael-wagner-c-philip-brunader-landestheater-linz.jpg,,Tenor singer,Independent / Landestheater Linz,Tenor performing across European opera houses.,Performer in The Emperor of Atlantis at Big Concert Night,Will be present,Michael Wagner is an acclaimed tenor who appears with orchestras and opera companies; he performs in The Emperor of Atlantis.,Talk about cross-cultural opera projects and invite him for performances.,
Ulf Bunde,https://ars.electronica.art/panic/files/2025/08/bio_ulf-bunde.jpg,,Actor and singer,Independent,Performer in operas and stage productions.,Performer in The Emperor of Atlantis,Will be present,Ulf Bunde is known for his roles in opera and theater; he performs in The Emperor of Atlantis.,Ask about interdisciplinary theater and discuss hosq’s art-science programs.,
Balint Nemeth,https://ars.electronica.art/panic/files/2025/08/bio_balint-nemeth-c-szerdahelyi-rita-photography.jpg,,Tenor or baritone singer,Independent,Performer in opera productions.,Performer in The Emperor of Atlantis,Will be present,Balint Nemeth is a singer performing in opera and concert productions; part of The Emperor of Atlantis cast.,Discuss transnational musical collaborations and share hosq’s plans for opera residencies.,
Gregor Reinhold,https://ars.electronica.art/panic/files/2025/08/bio_gregor-reinhold-c-doro-adam.jpg,,Bass singer,Independent / Landestheater Linz,Performer of opera and concert repertoire.,Performer in The Emperor of Atlantis,Will be present,Gregor Reinhold is a bass singer performing in The Emperor of Atlantis; he appears with European ensembles.,Talk about vocal performance and explore potential residencies or guest appearances.,
Chinara Azimova,https://ars.electronica.art/panic/files/2025/08/bio_chinara-azimova-2025.jpg,,Soprano singer,Independent / Landestheater Linz,Soprano performing in opera companies.,Performer in The Emperor of Atlantis,Will be present,Chinara Azimova is an operatic soprano appearing in The Emperor of Atlantis.,Discuss female vocal artistry and explore possibilities for joint recitals.,
Su Rongna,https://encrypted-tbn0.gstatic.com/images?q=tbn:ANd9GcTIusx7TU4Mga_7GQAenxi-UbwKVnKsZwiN2A&s,,Mezzo-soprano singer,Independent / Landestheater Linz,Performer in opera productions.,Performer in The Emperor of Atlantis,Will be present,Su Rongna is a mezzo-soprano performing in The Emperor of Atlantis.,Talk about cross-cultural music collaboration and invite to participate in Armenian music events.,
Anna Hausberger,https://ars.electronica.art/panic/files/2025/08/bio_anna-hausberger.jpg,,Researcher,JKU LIT (Linz Institute of Technology),"Research center at JKU bridging technology, art and society.",Co-creator of Breaking News: Wolpertinger sighted in Linz!,Will be present,Anna Hausberger works on computational social science and misinformation; part of the LIT exhibition at Ars Electronica.,Discuss data literacy programs and explore collaboration with hosq’s education initiatives.,https://www.jku.at/en/linz-institute-of-technology/
Arno Deutschbauer,https://ars.electronica.art/aeblog/files/2024/01/arno_deutschbauer.jpg,,Developer,Ars Electronica Futurelab,Artistic R&D lab of Ars Electronica.,Developer of 11°22’4″142°35’5″ (interactive installation),Will be present,Arno Deutschbauer works on interactive installations and is part of the SHARESPACE project team.,Share hosq’s interest in XR installations and explore joint R&D projects.,https://ars.electronica.art/futurelab/en/
Maria Arnal,https://ars.electronica.art/panic/files/2025/08/mobile_ama_edrien_5.jpg,https://www.instagram.com/mariaarnaldimas/?hl=es,Singer and composer,Independent,Catalan singer known for experimental and folk-inspired music.,Headliner of Nightline (concert),Will be present,Maria Arnal fuses folk music with electronic sound; she performs at the Ars Electronica Nightline.,Discuss the intersection of traditional and experimental music and potential guest performances in Armenia.,
Dennis Russell Davies,https://ars.electronica.art/hope/files/2024/08/bio_dennis-russell-davies.jpg,filharmonie-brno.cz,Conductor,Bruckner Orchestra / Filharmonie Brno,Renowned conductor leading major orchestras in Europe and the US.,Conductor of Big Concert Night,Will be present,Dennis Russell Davies is an American conductor known for championing contemporary composers; he leads the Big Concert Night.,Talk about contemporary orchestral music and explore possibilities for joint performances in Armenia.,
Oona Valarie,https://ars.electronica.art/center/files/2024/02/52665305920_7fbdb6e1d8_k-e1709224182624.jpg,,Researcher and performer,FIFTITU%,Women’s art organization advocating for gender equality in art and culture.,Co-creator of Parallels digital theater piece,Will be present,Oona Valarie works with Ufuk Serbest in the FIFTITU% collective to explore feminist utopias through digital theatre projects like Parallels.,Discuss feminist and intersectional perspectives in digital art and potential exchange programs.,https://fiftitu.at/
Ufuk Serbest,https://media.licdn.com/dms/image/v2/C5603AQF3lAaTw-j53g/profile-displayphoto-shrink_200_200/profile-displayphoto-shrink_200_200/0/1634290439228?e=2147483647&v=beta&t=NFvOPykzmqUVZIDMt_B_vyUwNtxIxG2k0on0XjoVNgo,,Artist and researcher,FIFTITU%,Women’s art organization advocating for gender equality in art and culture.,Co-creator of Parallels digital theater piece,Will be present,Ufuk Serbest collaborates with Oona Valarie on projects exploring feminist utopias and digital storytelling.,Discuss intersectional digital art practices and invite them to contribute to hosq events.,https://fiftitu.at/
Marc Da Costa,https://admin.onassis.org/images/BJfi9uiOjVmHpuaDfVnTersB3DU=/12243/format-webp%7Cwidth-960/Marc_Da_Costa_c_Lauren_Duque.png,,Artist and technologist,Object Group,Experimental arts collective investigating humans and technology.,Co-creator of Parallels digital theater piece,Will be present,Marc Da Costa blends anthropology and technology in interactive art; co-creates the Parallels digital theatre piece.,Discuss the interplay of anthropology and technology and explore cross-continental storytelling initiatives.,
Matthew Niederhauser,https://encrypted-tbn0.gstatic.com/images?q=tbn:ANd9GcSvn14un2jgMnAxV4GBdoYgM8JNokGQV1QnhA&s,,Artist and filmmaker,Object Group,Experimental arts collective investigating humans and technology.,Co-creator of Parallels digital theatre piece,Will be present,Matthew Niederhauser is an artist and filmmaker exploring interactive installations and digital culture.,Talk about new media storytelling and potential cross-cultural film projects.,
Kairos Futura team,https://encrypted-tbn0.gstatic.com/images?q=tbn:ANd9GcTRGmFUrKGXNXvjFWG_C3XuOQSYYWzKomFGHg&s,,Art-science collective,Kairos Futura,African research lab exploring future scenarios and sustainable technologies.,STARTS Prize Africa winners (The Wild Future Lab),Will be present,Kairos Futura is a Kenyan lab exploring sustainable futures and traditional knowledge through art and science.,Discuss pan-African collaboration and explore joint art-science projects between Armenia and Africa.,https://kairosfutura.com/
Katja Mayer,https://ars.electronica.art/citizenscience/files/2025/06/bio_katja_mayer-2-c-ralf-rebmann.jpg,,Social scientist,University of Vienna,Leading university in Austria.,"Speaker at New Pathways: AI, Art & Citizen Science",Will be present,Katja Mayer researches open science and digital governance; she speaks on citizen science and AI.,Discuss open science practices and potential partnerships for citizen science projects.,https://www.univie.ac.at/
Anna Berti Suman,https://ars.electronica.art/citizenscience/files/2023/05/anna-berti-suman-sensjus-edited-scaled.jpg,https://www.linkedin.com/in/anna-berti-suman-439359132/,Environmental law researcher,Tilburg University / European Commission,University and EU research centre focusing on environmental governance and law.,"Speaker at New Pathways: AI, Art & Citizen Science",Will be present,Anna Berti Suman studies citizen-led environmental monitoring and digital rights; she speaks on citizen science governance.,Discuss participatory science and potential collaborations on environmental projects in Armenia.,https://www.tilburguniversity.edu/
Cristina Nava,https://encrypted-tbn0.gstatic.com/images?q=tbn:ANd9GcT8BxrAGUJ2LfzfUN9BoXz6Vhuv8V61pixtVQ&s,,Citizen science specialist,Outreach innovation centre / European Citizen Science Association,Organization promoting citizen science across Europe.,"Panelist at New Pathways: AI, Art & Citizen Science",Will be present,Cristina Nava works on public participation in science and digital inclusion; she speaks on bridging communities and technology.,Talk about community-driven science and invite her to share insights with hosq’s labs.,
Elisabeth Schauermann,https://www.mitforschen.org/sites/default/files/styles/person_square/public/assets/experts/user-7839/bilder/csm_Schauermann_Elisabeth_c_OeAD_Klimpt_ce57007269.jpg?h=57e47a14&itok=GII-L6TS,,Digital rights advocate,epicenter.works,Austrian NGO advocating for fundamental rights and freedoms in the digital age.,"Panelist at New Pathways: AI, Art & Citizen Science",Will be present,"Elisabeth Schauermann campaigns for data protection and digital rights, bridging activism and policy.",Discuss digital rights and explore collaborations for public programs on digital sovereignty.,https://epicenter.works/en
Kika Echeverría,https://ars.electronica.art/panic/files/2025/08/noimage.jpg,,Performer and researcher,Independent,Artist working on immersive theater and AI.,Performer in The Echoes of Prometheus,Will be present,Kika Echeverría co-creates The Echoes of Prometheus exploring narrative and AI; she collaborates with Carlos Sfeir.,Talk about narrative AI and invite her to participate in hosq’s storytelling workshops.,
Carlos Sfeir,https://ars.electronica.art/hope/files/2024/08/bio_foto_carlos-sfeir.jpg,https://www.instagram.com/carlossfeir/,Researcher and technologist,Independent,Developer working on immersive theater and AI.,Performer in The Echoes of Prometheus,Will be present,Carlos Sfeir co-develops The Echoes of Prometheus with Kika Echeverría using AI for interactive narratives.,Discuss interactive narrative technologies and explore collaboration on storytelling projects.,
Anne Wichmann,https://ars.electronica.art/who-owns-the-truth/files/2023/08/bio_anne-wichmann-aka-she_s-excited-c-anne-wichmann.jpg,,Musician and technologist,Ars Electronica Futurelab,Artistic R&D lab of Ars Electronica.,Co-creator of Oribotic Instruments,Will be present,"Anne Wichmann is part of the Oribotic Instruments project, exploring music and robotics.",Discuss robotic instruments and explore possibilities for workshops.,https://ars.electronica.art/futurelab/en/
David Bösch,https://encrypted-tbn0.gstatic.com/images?q=tbn:ANd9GcTs_iL6jBD6AzjV51FTOtxZBsT8D2E5vrwWPA&s,,Stage director,Independent / Bregenzer Festspiele,Freelance opera and theatre director.,Stage director of The Emperor of Atlantis (Big Concert Night),Will be present,David Bösch is a renowned German theatre and opera director; he stages The Emperor of Atlantis at Big Concert Night.,Talk about innovative staging and potential collaboration on digital theatre with hosq.,
Julian Pixel Schmiederer,https://encrypted-tbn0.gstatic.com/images?q=tbn:ANd9GcQRKUhcc4f9ED57yn4c4K88w5xtpBEVVNAN0w&s,,Lighting designer,Independent,Freelance lighting designer for opera and theatre.,Lighting designer for The Emperor of Atlantis,Will be present,Julian Pixel Schmiederer designs lighting for theatre and opera; he lights The Emperor of Atlantis.,Discuss lighting design and immersive stage technologies.,
Martyna Marciniak,https://ars.electronica.art/eudigitaldeal/files/2024/02/portrait-martyna-marciniak.jpg,https://www.instagram.com/tyna_marc,Artist-in-Residence,"European Digital Deal / Ars Electronica (Linz, Austria, host institution)","The “European Digital Deal” is a Creative Europe co-funded project coordinated by Ars Electronica, offering residencies across Europe; Ars Electronica serves as host and partner organization in Austria",Her project Afterfact as part of the residency will be presented during the Ars Electronica Festival 2025,Will be present,"Martyna Marciniak is a Polish, Berlin-based artist and researcher. She explores visual storytelling through animation, film, and model-making, focusing on systemic violence and human rights. Her practice employs speculative fictions and allegory to reveal technological and visual biases.","Her project Afterfact expands the question “What’s new/s?” with a critical take on the aesthetics of fact and visual literacy, presented as a digital attention guide and audio-visual piece.",https://ars.electronica.art/eudigitaldeal/en/residencies/afterfact-by-martyna-marciniak/?utm_source=chatgpt.com
Christl Baur,https://ars.electronica.art/panic/files/2025/08/bio_christl-baur-c-vog.photo_portrait.jpg,,Head of Festival & Programme Director,Ars Electronica Festival (Ars Electronica Linz GmbH & Co KG),"Overseeing one of the world’s leading digital art festivals; the institution bridges art, technology, and society in Linz.",Head of Festival & Programme Director,,"Interdisciplinary researcher with training in art history, cultural management, and natural sciences; focuses on aesthetics and social practices at the intersection of art and science, especially in video art, new media, interactive and biotechnological art.",,https://ars.electronica.art/about/en/organization/?utm_source=chatgpt.com
Markus Jandl,https://ars.electronica.art/about/files/2020/09/MarkusJandl.jpg,,co-ceo,Ars Electronica Festival (Ars Electronica Linz GmbH & Co KG),"A cultural, educational, and scientific institute governing the Festival, Prix, Center, Futurelab—advancing the intersection of art, technology, and society.",,,"Joined Ars Electronica in 2001 as an intern; since September 2020, serves as Commercial Director and head of corporate finance; oversees major commercial decisions. Studied economics in Linz.","As Commercial Director / CFO, contributes to festival's financial and business strategy.",https://ars.electronica.art/about/en/organization/?utm_source=chatgpt.com
Karl Julian Schmidinger,https://ars.electronica.art/panic/files/2025/08/noimage.jpg,,Technical Director,Ars Electronica Festival (Ars Electronica Linz GmbH & Co KG),,,,Technical Director,,
Hans Christian Merten,https://ars.electronica.art/aeblog/files/2020/01/web_HansChristian_dawn_SW_Foto_2016.jpg,,Head of create your world,Ars Electronica Festival (Ars Electronica Linz GmbH & Co KG),,,,He studied audio technology and design in Vienna and completed various courses at the Bruckner University in Linz. From 2002 to 2010 he taught at the University of Applied Sciences in Hagenberg (media technology and design) and at the Secondary School for Communication and Media in Freistadt.,,
Masha Zolotova,https://media.licdn.com/dms/image/v2/C4E03AQFUPZfpIL0_kA/profile-displayphoto-shrink_200_200/profile-displayphoto-shrink_200_200/0/1642600756860?e=2147483647&v=beta&t=W7sal-_bBcQJhFIcE9T-dWqobUwM6dDinm4ZrxxYnCc,https://www.linkedin.com/in/masha-zolotova/?originalSubdomain=at,Head of Exhibitions,Ars Electronica Festival (Ars Electronica Linz GmbH & Co KG),,,,"Head of Exhibitions. Researcher, curator, project manager and producer of contemporary art projects",,
Johanna Lenhart,https://ars.electronica.art/criticalchangelab/files/2024/04/foto_lenhart-edited.jpg,,Head of Editorial,Ars Electronica Festival (Ars Electronica Linz GmbH & Co KG),,,,"With a background in German philology and comparative literature, Johanna Lenhart taught as OEAD lecturer at universities in Egypt and the Czech Republic before joining Ars Electronica in 2023.","Her teaching and research focus on narrative practices in different media and contexts, with a passion for how storytelling shapes our past, present and future. ",
Laura Welzenbach,https://ars.electronica.art/panic/files/2025/08/bio_laura-welzenbach-c-theresa-wey.jpg,,Head of Export,Ars Electronica Festival (Ars Electronica Linz GmbH & Co KG),,,,"Laura Welzenbach produces and directs visionary art projects at the intersection of technology, society, and politics. She is a strategic planner whose current superpower is a deep passion for generating social impact through art and public engagement.","As Head of Ars Electronica Export, Laura creates experiences that connect art and science. These international collaborations take shape in the form of exhibitions, workshops, and art-science residencies.",
Anita Halbartschlager,https://media.licdn.com/dms/image/v2/D4D03AQH6FU0k60cVDA/profile-displayphoto-shrink_200_200/B4DZOQ3wBJHoAc-/0/1733302354985?e=2147483647&v=beta&t=0WblTZGVYeBz90nGV7kaoK0tZjSrQEkgcrmvuJaQhTY,,Head of Archive,Ars Electronica Festival (Ars Electronica Linz GmbH & Co KG),,,,,,
Veronika Krenn,https://ars.electronica.art/aeblog/files/2022/01/veronikakrenn_bio.jpg,,Head of AEC Exhibitions,Ars Electronica Festival (Ars Electronica Linz GmbH & Co KG),,,,"Veronika Krenn is a producer at Ars Electronica and is responsible, among other things, for the new developments of exhibitions at the Ars Electronica Center. Since graduating from the Interface Cultures program at the Linz University of Art, she has been active as an artist and cultural worker. In her work, she explores unconventional communication strategies in the field of media art and Eat Art.",,
Philippe Mistakopulo,https://ars.electronica.art/panic/files/2025/08/portrait_philippe_mistakopulo_photo_2025-07-23-11.01.43.jpg,,,CIFRA,,,,Philipp is a strategist and communicator who bridges art and business. His challenge lies in balancing creativity with structure—crafting strong concepts without getting overwhelmed by operations.,He seeks focus to scale ideas while preserving their depth and meaning.,https://cifra.com/
Fara Peluso,https://ars.electronica.art/panic/files/2025/08/bio_fara-peluso.jpg,https://www.instagram.com/farapeluso/,,Quo Artis,,,,"Fara Peluso is a bio artist, designer, and researcher with a strong interest in biology and micro algae, enquiring into their agency and poetics through a speculative design.","Peluso wants to raise critical questions about the design of new tools and how they can tell the story of possible future scenarios about the quality of our lives, attitudes, and choices.",
Santiago Morilla,https://ars.electronica.art/panic/files/2025/08/bio_santiagomorillaamercedesfadrique.jpg,https://www.instagram.com/santiagomorilla,,Quo Artis,,,,"Santiago Morilla is a multidisciplinary artist, PhD in contemporary art (extraordinary award 2021 by the Complutense University of Madrid–UCM), specialised in New Media Art at the MEDIA Lab of the University of Art and Design Helsinki, and lecturer in Bachelor's and Master's degrees at UCM.","He develops his art-based research within the synergies between contemporary art + (post)nature + situated technologies, with a special interest in interspecies communication and data visualisation.",
Emma Harris,https://ars.electronica.art/panic/files/2025/08/bio_emma-harris.jpg,https://www.instagram.com/emmma.harris/,,Quo Artis,,,,"Emma Harris is a visual anthropologist, filmmaker, and visual artist working across ethnography, cinematic poetry, and low-toxicity analog processes. Her work looks into multispecies relations in regenerative agriculture, where soil is viewed as a living ecosystem to collaborate with",Here she explores a new material aesthetic in agriculture through cinematic poetry and plant based analog processes to establish a greater sensitivity towards other life forms in the biosphere.,
Mali Weil,https://ars.electronica.art/panic/files/2025/08/bio_mali-weil.jpg,https://www.instagram.com/maliweil,,Quo Artis,,,,"Mali Weil is an artistic platform established by Elisa Di Liberato, Lorenzo Facchinelli and Mara Ferrieri, based in South Tyrol (IT). She develops an expanded performative research that investigates the spaces and modes of disclosure of political imagination, on ecological issues.","Her visual production ranges from performance to product and speculative design, from editorial to film, but she also works through open and participatory set ups as platforms for discussion and exchange.",
Nicoletta Tranquillo,https://ars.electronica.art/panic/files/2025/08/bio_nicoletta-tranquillo.jpg,https://www.instagram.com/serramadre.art/,,Quo Artis,,,,"I’m the founding partner of Kilowatt and the cultural director of Serra Madre. Although I’m an economist, I have always focused on ecology, climate change, and the environmental crisis, combining different disciplines.","I have spent years supporting the creation and growth of organizations and business models with a significant social and environmental impact. Today, I’m particularly committed to promoting practices that encourage ecological thinking and imagination across art and science.",
Wendi Yan,https://ars.electronica.art/panic/files/2025/08/bio_wendi.jpg,,,,,,,"Wendi Yan is an artist, technologist, and writer narrating metamorphoses of the scientific self.","She examines the cosmological, linguistic, and physiological challenges in facing alien epistemic systems across time and crafts alternative fictions of science and its history through CGI films, games, and archival displays of sculptural objects.",
Hideaki Ogawa,https://ars.electronica.art/panic/files/2025/08/bio_hideaki-ogawa.jpg,,,,,,,"Hideaki Ogawa was born in Tokyo, Japan, and has been based in Linz, Austria, since 2007. He has served as an artist, curator, and Key Researcher of Art Thinking at Ars Electronica.","Currently, he is the Artistic Director of the Ars Electronica Futurelab, the organization’s research and development division. He also holds the roles of Artistic Director for the Sapporo International Art Festival 2027 and Creative Director of Civic Creative Base Tokyo.",